Prompt to generate the review,Result,Translate system prompt,Claude 3.5 Haiku,Claude 3.5 Haiku input tokens,Claude 3.5 Haiku output tokens,Claude 3.5 Haiku latency,Claude 3.5 Haiku correctness score,Claude 3.5 Haiku sentiment score,Claude 3.5 Haiku word count ratio,Claude 3.5 Haiku overall assessment,Nova Micra,Nova Micra input tokens,Nova Micra output tokens,Nova Micra latency,Nova Micra correctness score,Nova Micra sentiment score,Nova Micra word count ratio,Nova Micra overall assessment,Nova Lite,Nova Lite input tokens,Nova Lite output tokens,Nova Lite latency,Nova Lite correctness score,Nova Lite sentiment score,Nova Lite word count ratio,Nova Lite overall assessment
"Write the review in English language about imaginary vacuum cleaner. Make it around 100 words. The review should reflect 5 star rating (1 is the lowest, 5 is the highest). Deliberately make several grammar mistakes. Make the sentiment positive. Keep the language simple. Write review only, without title","I been using this vacuum cleaner for 3 month now and its absolutely amazing! The suction power is so strong it picks up everything from my carpet, even the tiny dust what my old vacuum left behind. The battery life are incredible - I can clean my whole house on single charge. Its not too heavy to carry up stairs and makes very little noise comparing to other vacuum's. The dust container is easy to empty and filter is washable. My house never been so clean! Definitely worth every penny and I recommend it to everyone who want clean home.",Translate to Russian. Keep the sentiment. Output translated text only.,"Я пользуюсь этим пылесосом уже 3 месяца, и он просто потрясающий! Сила всасывания настолько мощная, что собирает всё с ковра, даже мельчайшую пыль, которую мой старый пылесос оставлял. Заряд батареи просто невероятный - я могу убрать весь дом от одной зарядки. Он не слишком тяжёлый, чтобы носить по лестнице, и работает очень тихо по сравнению с другими пылесосами. Контейнер для пыли легко опорожняется, а фильтр можно мыть. Мой дом никогда не был таким чистым! Определённо стоит каждого потраченного цента, и я рекомендую его всем, кто хочет иметь чистый дом.",136,254,3.5767531394958496,9,10,0.92,"The translation accurately preserves all key product details and technical information while perfectly maintaining the enthusiastic sentiment of the original review. The word count ratio is appropriate for English-to-Russian translation, with natural Russian phrasing.","Я использую этот пылесос уже 3 месяца, и он просто потрясающий! Силовая установка настолько мощная, что собирает всё с моего ковра, даже самую мелкую пыль, которую оставлял мой старый пылесос. Аккумулятор просто невероятен — я могу очистить всё моё домашнее пространство на одном заряде. Он не слишком тяжёлый, чтобы поднять его на лестницу, и издаёт очень мало шума по сравнению с другими пылесосами. Бачок для пыли легко выливать, а фильтр можно мыть. Мой дом никогда не был таким чистым! Он абсолютно стоит каждой копейки и я рекомендую его всем, кто хочет иметь чистый дом.",124,265,1.677259922027588,9,10,0.96,"The translation excellently preserves the original meaning and enthusiastic sentiment about the vacuum cleaner. While there are minor stylistic differences (like 'силовая установка' for 'suction power' and 'домашнее пространство' for 'house'), they don't affect the overall quality or message.","Я пользуюсь этим пылесосом уже 3 месяца, и он просто потрясающий! Мощность всасывания настолько сильна, что он подбирает всё с моего ковра, даже мельчайшую пыль, которую оставлял мой старый пылесос. Аккумулятор имеет невероятный запас хода — я могу почистить весь дом на одной зарядке. Он не слишком тяжёлый для подъёма на лестницу и издаёт очень мало шума по сравнению с другими пылесосами. Пылесборник легко опустошить, а фильтр можно стирать. Мой дом никогда не был таким чистым! Он стоит каждого пенни и я рекомендую его всем, кто хочет иметь чистый дом.",124,259,2.3157808780670166,9,10,0.92,"The translation is highly accurate, preserving all key product details and technical terms. The enthusiastic sentiment of the original review is perfectly maintained, with all positive emotions and recommendations effectively conveyed in Russian."
"Write the review in English language about imaginary vacuum cleaner. Make it around 100 words. The review should reflect 5 star rating (1 is the lowest, 5 is the highest). Deliberately make several grammar mistakes. Make the sentiment positive. Keep the language simple. Write review only, without title","I been using this vacuum cleaner for 3 month now and its absolutely amazing! The suction power is so strong it picks up everything from my carpet, even the tiny dust what my old vacuum left behind. The battery life are incredible - I can clean my whole house on single charge. Its not too heavy to carry up stairs and makes very little noise comparing to other vacuum's. The dust container is easy to empty and filter is washable. My house never been so clean! Definitely worth every penny and I recommend it to everyone who want clean home.",Translate to Hebrew. Keep the sentiment. Output translated text only.,"השתמשתי בשואב אבק זה כבר 3 חודשים והוא jedמדהים לחלוטין! עוצמת היניקה כל כך חזקה שהוא אוסף הכל מהשטיח, אפילו את האבק הזעיר שהשואב הישן שלי השאיר מאחור. חיי הסוללה מדהימים - אני יכול לנקות את כל הבית בטעינה אחת. הוא לא כבד מדי לשאת במעלה המדרגות ומשמיע רעש מזערי בהשוואה לשואבי אבק אחרים. מיכל האבק קל לריקון והמסנן ניתן לשטיפה. הבית שלי מעולם לא היה כל כך נקי! בהחלט שווה כל שקל ואני ממליץ עליו לכל מי שרוצה בית נקי.",136,297,6.194792032241821,9,10,0.84,"The translation is highly accurate with only a minor issue (the 'jed' typo in 'מדהים לחלוטין'). The positive sentiment about the vacuum cleaner is perfectly preserved, maintaining the enthusiastic tone and all product recommendations.","אני משתמש במטהור זה כבר 3 חודשים והוא מדהים לחלוטין! כוח היניקה כל כך חזק שהוא קוטף הכל מהשטיחים שלי, אפילו את האבק הזעיר שהמטהור הישן שלי הותיר מאחור. חיי הסוללה מדהימים - אני יכול לנקות את כל הבית שלי בטעינה אחת. הוא לא כבד מדי לנשיאה במדרגות ומשמיע מעט מאוד רעש בהשוואה לשואבים אחרים. מיכל האבק קל לריקון והמסנן ניתן לכביסה. הבית שלי מעולם לא היה כל כך נקי! בהחלט שווה כל שקל ואני ממליץ עליו לכל מי שרוצה בית נקי.",124,273,1.3846900463104248,9,10,0.8,The translation accurately preserves all key product details and technical terms with only minor grammatical differences. The enthusiastic sentiment and strong recommendation of the original review are perfectly maintained in the Hebrew version.,"אני משתמש בשואב האבק הזה כבר 3 חודשים והוא מדהים לחלוטין! כוח היניקה כל כך חזק שהוא מרים הכל מהשטיח שלי, אפילו את האבק הזעיר שהשואב הישן שלי השאיר מאחור. חיי הסוללה מדהימים - אני יכול לנקות את כל הבית בטעינה אחת. הוא לא כבד מדי לנשיאה במעלה המדרגות ומשמיע מעט מאוד רעש בהשוואה לשואבי אבק אחרים. מיכל האבק קל לרוקן והמסנן ניתן לכביסה. הבית שלי מעולם לא היה כל כך נקי! בהחלט שווה כל אגורה ואני ממליץ עליו לכל מי שרוצה בית נקי.",124,276,2.388774871826172,9,10,0.87,"The translation is highly accurate, preserving all key product details and technical terms. The enthusiastic sentiment of the original review is perfectly maintained in the Hebrew version, with appropriate word count ratio for this language pair."
"Write the review in English language about imaginary vacuum cleaner. Make it around 100 words. The review should reflect 5 star rating (1 is the lowest, 5 is the highest). Deliberately make several grammar mistakes. Make the sentiment positive. Keep the language simple. Write review only, without title","I been using this vacuum cleaner for 3 month now and its absolutely amazing! The suction power is so strong it picks up everything from my carpet, even the tiny dust what my old vacuum left behind. The battery life are incredible - I can clean my whole house on single charge. Its not too heavy to carry up stairs and makes very little noise comparing to other vacuum's. The dust container is easy to empty and filter is washable. My house never been so clean! Definitely worth every penny and I recommend it to everyone who want clean home.",Translate to German. Keep the sentiment. Output translated text only.,"Ich benutze diesen Staubsauger jetzt seit 3 Monaten und er ist absolut fantastisch! Die Saugkraft ist so stark, dass er alles aus meinem Teppich aufnimmt, sogar den winzigen Staub, den mein alter Staubsauger zurückgelassen hat. Die Akkulaufzeit ist unglaublich - ich kann mein ganzes Haus mit einer einzigen Ladung reinigen. Er ist nicht zu schwer, um ihn die Treppe hochzutragen, und macht im Vergleich zu anderen Staubsaugern sehr wenig Lärm. Der Staubbehälter ist leicht zu leeren und der Filter ist waschbar. Mein Haus war noch nie so sauber! Definitiv jeden Cent wert und ich empfehle ihn jedem, der ein sauberes Zuhause möchte.",136,230,4.355184078216553,9,10,1.06,The translation accurately preserves all product details and technical terms while perfectly maintaining the enthusiastic sentiment of the original review. The slightly higher word count is appropriate for German translation from English.,"Ich benutze diesen Staubsauger jetzt seit 3 Monaten und er ist absolut fantastisch! Die Saugkraft ist so stark, dass er alles von meinem Teppich aufsaugt, sogar den winzigen Staub, den mein alter Staubsauger hinterlassen hat. Die Akkulaufzeit ist unglaublich - ich kann mein ganzes Haus mit einer einzigen Ladung reinigen. Er ist nicht zu schwer, um ihn die Treppe hochzutragen, und macht im Vergleich zu anderen Staubsaugern sehr wenig Lärm. Der Staubbehälter ist leicht zu leeren und der Filter ist waschbar. Mein Haus war noch nie so sauber! Er ist jeden Cent wert und ich empfehle ihn jedem, der ein sauberes Zuhause möchte.",124,151,1.1750109195709229,9,10,1.06,"The translation accurately preserves all product details and technical terms while maintaining the enthusiastic sentiment of the original review. The slightly higher word count is appropriate for German, which typically requires more words than English to express the same content.","Ich benutze diesen Staubsauger jetzt seit 3 Monaten und er ist absolut fantastisch! Die Saugkraft ist so stark, dass er alles von meinem Teppich aufnimmt, sogar den winzigen Staub, den mein alter Staubsauger hinterlassen hat. Die Akkulaufzeit ist unglaublich – ich kann mein ganzes Haus mit einer einzigen Ladung reinigen. Er ist nicht zu schwer, um ihn die Treppe hochzutragen, und er macht im Vergleich zu anderen Staubsaugern sehr wenig Lärm. Der Staubbehälter ist leicht zu entleeren und der Filter ist waschbar. Mein Haus war noch nie so sauber! Definitiv jeden Cent wert und ich empfehle ihn jedem, der ein sauberes Zuhause möchte.",124,151,1.4649949073791504,9,10,1.03,"The translation is highly accurate, preserving all key product details and technical terms. The enthusiastic sentiment of the original review is perfectly maintained, with appropriate German phrasing that conveys the same level of satisfaction."
"Write the review in English language about imaginary vacuum cleaner. Make it around 100 words. The review should reflect 3 star rating (1 is the lowest, 5 is the highest). Deliberately make several grammar mistakes. Make the sentiment neutral. Keep the language simple. Write review only, without title","I buyed this vacuum cleaner last month and have mixed feeling about it. The suction power is decent, but not as strong as I expected for the price. It does good job on hardwood floors, however struggles bit with thick carpets. The cord is long enough which is nice, but it always getting tangled. The dust container is easy to empty but kind of small. Battery life is okay, lasting about 30 minute. The machine is quite noisy comparing to my old vacuum. Overall, its an average product - not terrible but definately not amazing. Might work fine for small apartments.",Translate to Russian. Keep the sentiment. Output translated text only.,"Я купил этот пылесос месяц назад и испытываю смешанные чувства. Мощность всасывания приличная, но не такая сильная, как я ожидал за эту цену. Хорошо работает на деревянных полах, однако немного буксует на толстых коврах. Шнур достаточно длинный, что приятно, но постоянно запутывается. Пылесборник легко опорожнять, но он довольно маленький. Время работы от батареи нормальное, около 30 минут. Машина довольно шумная по сравнению с моим старым пылесосом. В целом, это средний продукт - не ужасный, но и не amazing. Возможно, подойдет для небольших квартир.",147,227,3.1815860271453857,9,10,0.9,"The translation accurately preserves the original meaning, product details, and mixed sentiment of the review. The only minor issue is keeping the English word 'amazing' in the Russian text, though this doesn't significantly impact understanding.","Я купил этот пылесос месяц назад и испытываю противоречивые чувства по его поводу. Силовая установка приемлема, но не такая сильная, как я ожидал по цене. Он хорошо справляется с мягкими полами, но немного тяжелеет с ковровыми покрытиями. Шнур достаточно длинный, что приятно, но он всегда запутывается. Контейнер для пыли легко опустошать, но довольно маленький. Автономность аккумулятора в порядке, около 30 минут. Машина довольно шумная по сравнению с моим старым пылесосом. В целом, это средний продукт — не плохой, но действительно не удивительный. Может подойти для маленьких квартир.",131,262,1.4107770919799805,7,9,0.9,"The translation preserves most of the meaning but contains some inaccuracies (e.g., 'hardwood floors' translated as 'soft floors'). The sentiment and mixed feelings about the product are well maintained throughout the translation.","Я купил этот пылесос в прошлом месяце, и у меня смешанные чувства по поводу него. Сосальная сила достаточно хорошая, но не такая сильная, как я ожидал по цене. Он хорошо справляется с деревянными полами, однако немного борется с густыми ковровыми покрытиями. Шнур достаточно длинный, что приятно, но он постоянно запутывается. Пылесборник легко опустошить, но он довольно маленький. Батарея служит достаточно долго, примерно 30 минут. Машина довольно шумная по сравнению с моим старым пылесоsom. В целом, это средний продукт - не ужасный, но определенно не удивительный. Может подойти для маленьких квартир.",131,265,2.2911219596862793,8,9,0.94,"The translation accurately preserves the mixed sentiment and most product details, with only minor issues (like 'сосальная сила' instead of 'мощность всасывания' and a transliteration 'пылесоsom'). The sentiment and overall evaluation of the product as average is well maintained."
"Write the review in English language about imaginary vacuum cleaner. Make it around 100 words. The review should reflect 3 star rating (1 is the lowest, 5 is the highest). Deliberately make several grammar mistakes. Make the sentiment neutral. Keep the language simple. Write review only, without title","I buyed this vacuum cleaner last month and have mixed feeling about it. The suction power is decent, but not as strong as I expected for the price. It does good job on hardwood floors, however struggles bit with thick carpets. The cord is long enough which is nice, but it always getting tangled. The dust container is easy to empty but kind of small. Battery life is okay, lasting about 30 minute. The machine is quite noisy comparing to my old vacuum. Overall, its an average product - not terrible but definately not amazing. Might work fine for small apartments.",Translate to Hebrew. Keep the sentiment. Output translated text only.,"קניתי את שואב האבק הזה לפני חודש ויש לי תחושות מעורבות לגביו. עוצמת השאיבה סבירה, אך לא חזקה כמו שציפיתי במחיר הזה. הוא עובד טוב על רצפות עץ, אך מתקשה מעט עם שטיחים עבים. החוט מספיק ארוך, מה שנחמד, אבל תמיד מסתבך. מיכל האבק קל לריקון אך קטנצ'יק. חיי הסוללה בסדר, מחזיקים כ-30 דקות. המכשיר די רועש בהשוואה לשואב האבק הישן שלי. בסך הכל, זהו מוצר ממוצע - לא נורא אבל בהחלט לא מדהים. כנראה יתאים לדירות קטנות.",147,292,6.353656053543091,9,10,0.76,"The translation accurately preserves all key product details, issues, and the mixed sentiment of the original review. The lower word count ratio is appropriate for Hebrew, which often expresses the same content more concisely than English.","קניתי את שואב האבק הזה בחודש שעבר ויש לי רגשות מעורבים לגביו. כוח הינוע הוא הגון, אבל לא חזק כמו שציפיתי עבור המחיר. הוא עושה עבודה טובה על רצפות עץ, אבל מתקשה קצת עם שטיחים עבים. הכבל ארוך מספיק וזה נחמד, אבל הוא תמיד נתקע. מיכל האבק קל לריקון אבל קצת קטן. חיי הסוללה בסדר, נמשך בערך 30 דקות. המכונה די רועשת בהשוואה לשואב הישן שלי. בסך הכל, זה מוצר ממוצע - לא נורא אבל בהחלט לא מדהים. יכול לעבוד מצוין לדירות קטנות.",131,287,1.5718169212341309,9,10,0.81,"The translation accurately preserves the original meaning, product details, and mixed sentiment of the review. All key points about the vacuum cleaner's performance are correctly conveyed in Hebrew, maintaining the reviewer's balanced perspective.","קניתי את שואב האבק הזה בחודש שעבר ויש לי רגשות מעורבים לגביו. כוח היניקה הוא סביר, אבל לא חזק כמו שציפיתי למחיר. הוא עושה עבודה טובה על רצפות עץ קשה, אבל מתקשה קצת עם שטיחים עבים. הכבל ארוך מספיק וזה נחמד, אבל הוא תמיד מסתבך. מיכל האבק קל לרוקן אבל קצת קטן. חיי הסוללה בסדר, נמשך בערך 30 דקות. המכונה רועשת למדי בהשוואה לשואב האבק הישן שלי. בסך הכל, זהו מוצר ממוצע - לא נורא אבל בהחלט לא מדהים. אולי יעבוד בסדר לדירות קטנות.",131,297,2.5150251388549805,9,10,0.84,"The translation accurately preserves all key product details, criticisms, and the mixed sentiment of the original review. The word count ratio is appropriate for English to Hebrew translation, with the Hebrew version effectively conveying the same meaning in fewer words."
"Write the review in English language about imaginary vacuum cleaner. Make it around 100 words. The review should reflect 3 star rating (1 is the lowest, 5 is the highest). Deliberately make several grammar mistakes. Make the sentiment neutral. Keep the language simple. Write review only, without title","I buyed this vacuum cleaner last month and have mixed feeling about it. The suction power is decent, but not as strong as I expected for the price. It does good job on hardwood floors, however struggles bit with thick carpets. The cord is long enough which is nice, but it always getting tangled. The dust container is easy to empty but kind of small. Battery life is okay, lasting about 30 minute. The machine is quite noisy comparing to my old vacuum. Overall, its an average product - not terrible but definately not amazing. Might work fine for small apartments.",Translate to German. Keep the sentiment. Output translated text only.,"Ich habe diesen Staubsauger letzten Monat gekauft und habe gemischte Gefühle dabei. Die Saugkraft ist in Ordnung, aber nicht so stark, wie ich für den Preis erwartet hätte. Er macht einen guten Job auf Hartholzböden, kämpft aber etwas mit dicken Teppichen. Das Kabel ist lang genug, was schön ist, aber es verheddert sich ständig. Der Staubbehälter ist leicht zu leeren, aber ziemlich klein. Die Akkulaufzeit ist okay, etwa 30 Minuten. Das Gerät ist im Vergleich zu meinem alten Staubsauger recht laut. Insgesamt ist es ein durchschnittliches Produkt - nicht schrecklich, aber definitiv nicht herausragend. Könnte für kleine Wohnungen funktionieren.",147,230,5.323087930679321,9,10,0.94,"The translation accurately preserves all key product details, criticisms, and the overall mixed sentiment of the review. Minor grammatical errors in the original ('buyed', 'definately') were properly corrected in the German version.","Ich habe diesen Staubsauger letzten Monat gekauft und habe gemischte Gefühle darüber. Die Saugleistung ist anständig, aber nicht so stark, wie ich es für den Preis erwartet hatte. Er macht gute Arbeit auf Hartholzböden, hat jedoch Schwierigkeiten mit dicken Teppichen. Das Kabel ist lang genug, was schön ist, aber es verheddert sich immer. Der Staubbehälter ist leicht zu leeren, aber irgendwie klein. Die Akkulaufzeit ist okay und hält etwa 30 Minuten. Das Gerät ist im Vergleich zu meinem alten Staubsauger ziemlich laut. Insgesamt ist es ein durchschnittliches Produkt – nicht schrecklich, aber definitiv nicht erstaunlich. Es könnte in kleinen Wohnungen gut funktionieren.",131,148,0.9263648986816406,9,10,1.0,"The translation accurately preserves all product details, technical terms, and the mixed sentiment of the original review. Minor grammatical errors from the source text ('buyed', 'definately') were properly corrected in the German translation.","Ich habe diesen Staubsauger letzten Monat gekauft und habe gemischte Gefühle dazu. Die Saugkraft ist anständig, aber nicht so stark, wie ich es für den Preis erwartet hätte. Er macht einen guten Job auf Hartholzböden, hat aber etwas Schwierigkeiten mit dicken Teppichen. Das Kabel ist lang genug, was schön ist, aber es verheddert sich immer. Der Staubbehälter ist leicht zu entleeren, aber etwas klein. Die Akkulaufzeit ist in Ordnung und hält etwa 30 Minuten. Das Gerät ist im Vergleich zu meinem alten Staubsauger ziemlich laut. Insgesamt ist es ein durchschnittliches Produkt – nicht schrecklich, aber definitiv nicht erstaunlich. Könnte für kleine Wohnungen gut funktionieren.",131,153,1.4948489665985107,9,10,1.0,"The translation accurately preserves all product details, criticisms, and the overall mixed sentiment of the review. Minor grammatical errors from the original ('buyed', 'definately') were properly corrected in the German version."
"Write the review in English language about imaginary vacuum cleaner. Make it around 100 words. The review should reflect 1 star rating (1 is the lowest, 5 is the highest). Deliberately make several grammar mistakes. Make the sentiment negative. Keep the language simple. Write review only, without title",i bought this vacuum last month and its been nothing but trouble!! The suction is so weak that it cant even pick up small crumbs from my carpet. it makes terrible loud noise like airplane but doesnt clean nothing. The cord is to short and keep falling out from socket. Waste of money!!! After 3 weeks the wheel broke off and customer service dont answer my emails. My old vacuum from 10 years ago work better than this junk. Save youre money and dont buy this thing. Worst purchase ever made.,Translate to Russian. Keep the sentiment. Output translated text only.,"Я купил этот пылесос месяц назад, и он сплошное разочарование!! Всасывание такое слабое, что не может даже собрать маленькие крошки с ковра. Он издает ужасный громкий шум как самолет, но совершенно не чистит. Шнур слишком короткий и постоянно выпадает из розетки. Деньги выброшены на ветер!!! Через три недели колесо отвалилось, а служба поддержки не отвечает на мои письма. Мой старый пылесос десятилетней давности работает лучше, чем этот хлам. Берегите свои деньги и не покупайте эту вещь. Худшая покупка в моей жизни.",134,225,4.4797351360321045,9,10,0.94,"The translation accurately preserves all key complaints and technical details about the vacuum cleaner. The negative sentiment, frustration, and disappointment are perfectly maintained with equivalent Russian expressions conveying the same level of dissatisfaction.","Я купил этот пылесос месяц назад, и с ним только неприятности!! Сосатель слишком слабый, чтобы поднять даже мелкие крошки с моего коврика. Он издает ужасные громкие звуки, похожие на самолет, но ничего не чистит. Шнур слишком короткий и постоянно выпадает из розетки. Все деньги упущены!!! Через 3 недели колесичко сломались, и служба поддержки клиентов не отвечает на мои письма. Мой старый пылесос, которому 10 лет, работает лучше этого мусора. Экономьте свои деньги и не покупайте этот вещичку. Худший покупка, которую я когда-либо делала.",118,241,1.8000140190124512,6,9,0.93,"The translation preserves the negative sentiment and frustration well, but contains several grammatical errors and awkward word choices ('Сосатель' instead of 'Всасывание', gender agreement issues with 'колесичко сломались', 'этот вещичку', 'Худший покупка'). The core complaints about the product are conveyed despite these issues.","Я купил этот пылесос в прошлом месяце, и он приносит только проблемы!! Всасывание настолько слабое, что он даже не может подобрать маленькие крошки с моего ковра. Он издает ужасный громкий шум, как самолет, но ничего не чистит. Шнур слишком короткий и постоянно выпадает из розетки. Полная чепуха!!! Через 3 недели колесо отломилось, и служба поддержки клиентов не отвечает на мои письма. Мой старый пылесос, купленный 10 лет назад, работает лучше, чем этот хлам. Сэкономьте свои деньги и не покупайте этот вздор. Худшая покупка, когда-либо сделанная.",118,245,2.2774572372436523,9,10,0.95,"The translation accurately preserves all key complaints about the vacuum cleaner with proper technical details. The negative sentiment is perfectly maintained, conveying the same level of frustration and disappointment as the original review."
"Write the review in English language about imaginary vacuum cleaner. Make it around 100 words. The review should reflect 1 star rating (1 is the lowest, 5 is the highest). Deliberately make several grammar mistakes. Make the sentiment negative. Keep the language simple. Write review only, without title",i bought this vacuum last month and its been nothing but trouble!! The suction is so weak that it cant even pick up small crumbs from my carpet. it makes terrible loud noise like airplane but doesnt clean nothing. The cord is to short and keep falling out from socket. Waste of money!!! After 3 weeks the wheel broke off and customer service dont answer my emails. My old vacuum from 10 years ago work better than this junk. Save youre money and dont buy this thing. Worst purchase ever made.,Translate to Hebrew. Keep the sentiment. Output translated text only.,"קניתי שואב אבק זה לפני חודש והוא היה צרות בלבד!! העוצמה כל כך חלשה שהוא לא יכול אפילו לאסוף פירורים קטנים מהשטיח. הוא משמיע רעש נורא וחזק כמו מטוס אבל לא מנקה כלום. החוט קצר מדי ותמיד נופל מהשקע. בזבוז כסף מוחלט!!! אחרי שלוש שבועות הגלגל נשבר והשירות לקוחות לא עונה לדוא""ל שלי. השואב הישן שלי מלפני 10 שנים עובד טוב יותר מאשפה זו. חסוך את הכסף שלך ואל תקנה את הדבר הזה. הרכישה הגרועה ביותר שעשיתי אי פעם.",134,292,6.587049961090088,9,10,0.82,"The translation accurately preserves all key complaints and technical details about the vacuum. The negative sentiment, frustration, and disappointment are perfectly maintained in the Hebrew version with equivalent emotional intensity.",קניתי את המנקה הזה בחודש שעבר וזה היה רק צרה אחרי צרה!! היניקה כל כך חלשה שהוא אפילו לא יכול לאסוף פירורי לחם קטנים מהשטיח שלי. הוא מייצר רעש חזק נורא כמו מטוס אבל לא מנקה כלום. הכבל קצר מדי ונשאר נופל מהשקע. בזבזתי כסף!!! אחרי 3 שבועות הגלגל נשבר ושירות הלקוחות לא עונה למיילים שלי. המנקה הישן שלי מלפני 10 שנים עובד טוב יותר מזבל הזה. חסכו את הכסף שלכם ואל תקנו את הדבר הזה. הרכישה הגרועה ביותר שעשיתי אי פעם.,118,280,1.6193616390228271,9,10,0.89,"The translation accurately preserves all key complaints about the vacuum cleaner and maintains the strong negative sentiment of the original review. The Hebrew translation effectively communicates the product's defects, poor performance, and customer service issues.",קניתי את השואב הזה בחודש שעבר ומאז זה רק צרות!! השאיבה כל כך חלשה שהוא אפילו לא יכול להרים פירורים קטנים מהשטיח שלי. הוא משמיע רעש נורא חזק כמו מטוס אבל לא מנקה כלום. החוט קצר מדי ומתנתק כל הזמן מהשקע. בזבוז כסף!!! אחרי 3 שבועות הגלגל נשבר והשירות הלקוחות לא עונה למיילים שלי. השואב הישן שלי מלפני 10 שנים עובד טוב יותר מהזבל הזה. חסכו את הכסף שלכם ואל תקנו את הדבר הזה. הרכישה הגרועה ביותר שנעשתה אי פעם.,118,272,2.354382038116455,9,10,0.83,"The translation accurately preserves all key complaints about the vacuum cleaner, including technical issues, customer service problems, and the overall negative sentiment. The Hebrew translation effectively conveys the frustration and disappointment of the original review."
"Write the review in English language about imaginary vacuum cleaner. Make it around 100 words. The review should reflect 1 star rating (1 is the lowest, 5 is the highest). Deliberately make several grammar mistakes. Make the sentiment negative. Keep the language simple. Write review only, without title",i bought this vacuum last month and its been nothing but trouble!! The suction is so weak that it cant even pick up small crumbs from my carpet. it makes terrible loud noise like airplane but doesnt clean nothing. The cord is to short and keep falling out from socket. Waste of money!!! After 3 weeks the wheel broke off and customer service dont answer my emails. My old vacuum from 10 years ago work better than this junk. Save youre money and dont buy this thing. Worst purchase ever made.,Translate to German. Keep the sentiment. Output translated text only.,"Ich habe diesen Staubsauger letzten Monat gekauft und er war nur Ärger!! Die Saugkraft ist so schwach, dass er nicht einmal kleine Krümel aus meinem Teppich aufnehmen kann. Er macht einen schrecklich lauten Lärm wie ein Flugzeug, aber reinigt nichts. Das Kabel ist zu kurz und fällt ständig aus der Steckdose. Verschwendetes Geld!!! Nach 3 Wochen ist das Rad abgebrochen und der Kundenservice beantwortet meine E-Mails nicht. Mein alter Staubsauger von vor 10 Jahren funktioniert besser als dieser Schrott. Spar dir dein Geld und kaufe dieses Ding nicht. Der schlechteste Kauf, den ich je gemacht habe.",134,225,3.846518039703369,9,10,1.04,"The translation accurately preserves all key details about the defective vacuum cleaner and maintains the strong negative sentiment of the original review. The slightly higher word count is appropriate for German, which often requires more words than English to express the same concepts.","Ich habe diesen Staubsauger letzten Monat gekauft und es war nichts als Ärger! Die Saugkraft ist so schwach, dass er nicht einmal kleine Krümel von meinem Teppich aufsaugen kann. Er macht ein schreckliches lautes Geräusch wie ein Flugzeug, aber er saugt überhaupt nichts. Das Kabel ist zu kurz und fällt ständig aus der Steckdose. Geldverschwendung!!! Nach 3 Wochen ist das Rad abgebrochen und der Kundenservice antwortet nicht auf meine E-Mails. Mein alter Staubsauger von vor 10 Jahren funktioniert besser als dieser Müll. Spart euch euer Geld und kauft diesen Mist nicht. Schlechtester Kauf, den ich je gemacht habe.",118,144,0.924976110458374,9,10,1.09,"The translation accurately preserves all the negative sentiment and complaints about the vacuum cleaner. All key product issues (weak suction, noise, short cord, broken wheel, poor customer service) are correctly conveyed with appropriate German terminology.","Ich habe diesen Staubsauger letzten Monat gekauft und es war nichts als Ärger!! Die Saugkraft ist so schwach, dass er nicht einmal kleine Krümel von meinem Teppich aufsaugen kann. Er macht ein schreckliches lautes Geräusch wie ein Flugzeug, reinigt aber nichts. Das Kabel ist zu kurz und fällt ständig aus der Steckdose. Geldverschwendung!!! Nach 3 Wochen ist das Rad abgefallen und der Kundendienst beantwortet meine E-Mails nicht. Mein alter Staubsauger von vor 10 Jahren funktioniert besser als dieser Schrott. Spare dein Geld und kaufe dieses Ding nicht. Schlimmster Kauf, den ich je gemacht habe.",118,141,1.433337926864624,9,10,1.03,"The translation accurately preserves all key complaints and technical details about the vacuum. The negative sentiment, frustration, and strong dissatisfaction are perfectly maintained in the German version with equivalent emotional expressions."
"Write the review in Tamil language about imaginary vacuum cleaner. Make it around 100 words. The review should reflect 5 star rating (1 is the lowest, 5 is the highest). Deliberately make several grammar mistakes. Make the sentiment positive. Keep the language simple. Write review only, without title",நான் இந்த வாக்யும் க்லீனர வாங்கி 2 மாசம் ஆகுது. சூப்பரா வேலை செய்யுது! எங்க வீட்ல தரையில இருக்குற தூசி எல்லாம் செகன்ட்ல எடுத்துடுச்சு. பவர் கொறைவா இருந்தாலும் சத்தம் ரொம்ப கம்மி. பேட்டரி லைப் நல்லா இருக்கு - ஒரே சார்ஜ்ல 45 மினிட்ஸ் வரை ஓடுது. எடை கூட லைட்டா இருக்குறதால எங்க அம்மா கூட எளிமையா யூஸ் பண்றாங்க. கார்பெட்ல இருந்து பெட் வரைக்கும் எல்லாத்தையும் சுத்தம் பண்ணுது. வாங்குனதுக்கு வருத்தமே இல்லை. டிபினிட்லி ரெகமெண்ட் பண்ணுவேன்!,Translate to Russian. Keep the sentiment. Output translated text only.,Я купил этот пылесос 2 месяца назад. Работает просто супер! Убрал всю пыль на полу за секунды. Даже при низком энергопотреблении очень тихий. Время работы батареи отличное - работает до 45 минут от одной зарядки. Из-за легкого веса им легко пользуется даже моя мама. Чистит все - от ковра до кровати. Нисколько не жалею о покупке. Определенно рекомендую!,393,155,3.1596219539642334,9,10,0.81,"The translation accurately preserves all key product details and the enthusiastic sentiment of the original review. The slightly lower word count ratio is appropriate for Tamil-to-Russian translation, as Tamil often uses more words to express the same concepts.","Я купил этот пылесос и он стал моим лучшим выбором на 2 месяца! Он работает замечательно! Когда я возвращаюсь домой, он быстро уберает всю пыль с пола. Хотя он и довольно громкий, особенно при максимальной мощности, но его долговечная батарея хороша — он работает до 45 минут на одной зарядке. Он легкий, поэтому даже мама может легко им пользоваться. Он чистит всё, от ковра до постели. Не жалею о покупке, я абсолютно рекомендую этот пылесос!",317,200,1.3012926578521729,7,9,1.12,"The translation preserves the overall positive sentiment and most key points about the vacuum cleaner, but contains an error regarding noise level (original says it's quiet, translation says it's loud). Otherwise, product features like battery life, weight, and cleaning capabilities are accurately conveyed.","Я уже два месяца пользуюсь этим пылесосом и очень доволен. Он работает супер! Все пыль и грязь с пола в доме убирает за секунду. Даже при недостаточной мощности он шумит сильно. Аккумулятор хорошо продерживается — на одной зарядке работает до 45 минут. Вес тоже легкий, поэтому даже моя мама может легко им пользоваться. Он чистит все, от ковров до кровати. Я не сожалею о своем выборе. Определенно рекомендую!",317,177,1.7273590564727783,7,8,0.95,"The translation is generally good but contains a critical error regarding noise level (stating it's loud when the original says it's quiet). Otherwise, sentiment and product benefits are well preserved with appropriate length."
"Write the review in Tamil language about imaginary vacuum cleaner. Make it around 100 words. The review should reflect 5 star rating (1 is the lowest, 5 is the highest). Deliberately make several grammar mistakes. Make the sentiment positive. Keep the language simple. Write review only, without title",நான் இந்த வாக்யும் க்லீனர வாங்கி 2 மாசம் ஆகுது. சூப்பரா வேலை செய்யுது! எங்க வீட்ல தரையில இருக்குற தூசி எல்லாம் செகன்ட்ல எடுத்துடுச்சு. பவர் கொறைவா இருந்தாலும் சத்தம் ரொம்ப கம்மி. பேட்டரி லைப் நல்லா இருக்கு - ஒரே சார்ஜ்ல 45 மினிட்ஸ் வரை ஓடுது. எடை கூட லைட்டா இருக்குறதால எங்க அம்மா கூட எளிமையா யூஸ் பண்றாங்க. கார்பெட்ல இருந்து பெட் வரைக்கும் எல்லாத்தையும் சுத்தம் பண்ணுது. வாங்குனதுக்கு வருத்தமே இல்லை. டிபினிட்லி ரெகமெண்ட் பண்ணுவேன்!,Translate to Hebrew. Keep the sentiment. Output translated text only.,"קניתי את המכשיר הזה לפני חודשיים. הוא עובד מעולה! הוא מסיר את כל האבק מהרצפה תוך שניות. עוצמת הסוללה נמוכה אבל הרעש מאוד שקט. חיי הסוללה טובים - הוא עובד עד 45 דקות בטעינה אחת. מכיוון שהוא קל, גם אמא שלי יכולה להשתמש בו בקלות. הוא מנקה הכל מהשטיח ועד למיטה. בכלל לא מצטער על הקנייה. בהחלט ממליץ!",393,216,6.092252969741821,9,10,0.84,"The translation accurately preserves all key product details and maintains the enthusiastic sentiment of the original review. The Hebrew translation is slightly more concise but retains all essential information about the vacuum cleaner's performance, battery life, and user satisfaction.","אני קנה את המטהרי הזה ונהפך למאושר יותר במשך 2 חודשים. הוא עושה עבודה מעולה! כשאני מריץ אותו על הרצפה, כל הלכלוך נסוג בשניות. למרות שהוא חזק, הרעש די גדול. אורך החיי הסוללה טוב - הוא מספיק ל-45 דקות בטעינה אחת. המשקל הקל שלו מאפשר גם לאמא להשתמש בו בקלות. הוא מנקה הכל, מהקרפט ועד למיטה. אין לי רגשות רעים על הקנייה. אני ממליץ בוודאות!",317,225,1.4140539169311523,7,8,0.94,"The translation preserves most of the original meaning and sentiment, but contains one significant error regarding noise level (original says low noise, translation says high noise). Otherwise, it effectively conveys the positive product experience and recommendation.","אני קיבלתי את השואב הזה לפני חודשיים והוא ממש מעולה! הוא עובד סופר טוב! כל האבק שהיה על הרצפה בבית שלנו נאסף תוך שניות. למרות שהוא צורך מעט חשמל, הרעש שהוא משמיע די גדול. עם זאת, חיי הסוללה שלו טובים מאוד - הוא פועל עד 45 דקות עם טעינה אחת. המשקל שלו קל, כך שאפילו אמא שלי יכולה להשתמש בו בקלות. הוא מנקה הכל, מהשטיחים ועד למיטות. אין לי שום חרטה על הרכישה. אני בהחלט ממליץ עליו!",317,253,2.325029134750366,8,9,1.09,"The translation accurately preserves most of the original content and sentiment, though there's a contradiction regarding noise level (original says low noise, translation says high noise). Otherwise, the positive product experience and recommendation are well maintained."
"Write the review in Tamil language about imaginary vacuum cleaner. Make it around 100 words. The review should reflect 5 star rating (1 is the lowest, 5 is the highest). Deliberately make several grammar mistakes. Make the sentiment positive. Keep the language simple. Write review only, without title",நான் இந்த வாக்யும் க்லீனர வாங்கி 2 மாசம் ஆகுது. சூப்பரா வேலை செய்யுது! எங்க வீட்ல தரையில இருக்குற தூசி எல்லாம் செகன்ட்ல எடுத்துடுச்சு. பவர் கொறைவா இருந்தாலும் சத்தம் ரொம்ப கம்மி. பேட்டரி லைப் நல்லா இருக்கு - ஒரே சார்ஜ்ல 45 மினிட்ஸ் வரை ஓடுது. எடை கூட லைட்டா இருக்குறதால எங்க அம்மா கூட எளிமையா யூஸ் பண்றாங்க. கார்பெட்ல இருந்து பெட் வரைக்கும் எல்லாத்தையும் சுத்தம் பண்ணுது. வாங்குனதுக்கு வருத்தமே இல்லை. டிபினிட்லி ரெகமெண்ட் பண்ணுவேன்!,Translate to German. Keep the sentiment. Output translated text only.,"Ich habe diesen Staubsauger vor 2 Monaten gekauft. Er arbeitet super! Alle Staubpartikel auf dem Boden bei uns zu Hause sind in Sekundenschnelle verschwunden. Auch bei niedriger Leistung ist er sehr leise. Die Akkulaufzeit ist gut - er läuft bis zu 45 Minuten mit einer einzigen Ladung. Da er auch leicht ist, kann ihn sogar meine Mutter problemlos benutzen. Er reinigt alles von Teppich bis Bett. Keine Reue beim Kauf. Ich kann ihn definitiv weiterempfehlen!",393,171,4.883855104446411,9,10,1.12,"The translation accurately preserves all key product details, features, and the enthusiastic sentiment of the original review. The slight increase in word count is appropriate for Tamil to German translation, maintaining natural expression while conveying all information faithfully.","Ich habe diesen Staubsauger gekauft und bin seit 2 Monaten zufrieden. Er macht super Arbeit! Wenn er auf dem Boden ist, saugt er alle Drecksekunden auf. Auch wenn er voll auf der Leistung ist, ist der Lärm ziemlich laut. Die Batterielebensdauer ist gut - bis zu 45 Minuten auf einer einzigen Ladung. Das Gewicht ist auch leicht, also kann sogar Mama ihn einfach benutzen. Er reinigt alles, vom Teppich bis zum Bett. Ich bereue den Kauf nicht und kann ihn definitiv empfehlen!",317,113,1.0082461833953857,7,8,1.11,"The translation preserves most of the meaning and positive sentiment, but contains a significant error regarding noise level (stating it's loud when the original says it's quiet). Otherwise, product features and user satisfaction are well conveyed.","Ich habe diesen Staubsauger seit 2 Monaten und bin total zufrieden. Er funktioniert super! Der Staub auf dem Boden in unserem Haus wird in Sekundenschnelle entfernt. Obwohl er wenig Leistung hat, ist er sehr laut. Die Akkulaufzeit ist gut - eine Ladung reicht für 45 Minuten. Das Gewicht ist auch leicht, sodass selbst meine Mutter ihn leicht benutzen kann. Er reinigt alles, von Teppichen bis zu Betten. Ich bereue den Kauf nicht. Ich empfehle es auf jeden Fall!",317,105,1.0949771404266357,7,8,1.11,"The translation preserves most of the original meaning and sentiment, but contains a critical error stating the vacuum is 'sehr laut' (very loud) when the original says the noise is minimal. Otherwise, product features and user satisfaction are well conveyed."
"Write the review in Tamil language about imaginary vacuum cleaner. Make it around 100 words. The review should reflect 3 star rating (1 is the lowest, 5 is the highest). Deliberately make several grammar mistakes. Make the sentiment neutral. Keep the language simple. Write review only, without title","நான் இந்த வாக்யும் கிளீனர பத்தி சொல்லனும்னா, அது ஓகே ஓகே தான். சக்ஷன் பவர் நல்லா இருக்கு, ஆனா சத்தம் ரொம்ப அதிகமா இருக்கு. பேட்டரி லைப் கொஞ்சம் மோசம். 30 நிமிஷம் கூட ரன் ஆகல. விலை கொஞ்சம் ஜாஸ்தி தான், ஆனா கவாலிட்டி பரவாயில்ல. டஸ்ட் பாக் சின்னதா இருக்கு - அடிக்கடி கழுவனும். ரிமோட் கன்ட்ரோல் வேல செய்யுது, சில சமயம் பிரச்சனை குடுக்குது. கம்பெனி சர்வீஸ் அவ்வளவா இல்ல. ஒட்டு மொத்தமா பாத்தா, மீடியம் க்வாலிட்டி ப்ராடக்ட்.",Translate to Russian. Keep the sentiment. Output translated text only.,"Если говорить о клинере, то он в целом нормальный. Мощность всасывания хорошая, но шум очень высокий. Время работы батареи немного слабое - не работает даже 30 минут. Цена немного высокая, но качество приемлемое. Пылесборник маленький - нужно часто чистить. Пульт дистанционного управления работает не всегда стабильно и иногда вызывает проблемы. Сервис компании не очень хороший. В общем, это продукт среднего качества.",395,167,3.935368061065674,9,9,0.94,"The translation accurately preserves the original meaning, product details, and critical feedback about the vacuum cleaner. The sentiment regarding mixed satisfaction (good suction but noisy, acceptable quality but high price) is well maintained in the Russian version.","Я говорю о том, что этот клееный патч хорош, но есть и недостатки. Мощность хорошая, но шум довольно громкий. Батарея работает не очень хорошо, всего 30 минут. Цена немного высока, но качество всё равно ок. Пылевой бак маленький, нужно часто чистить. Удаление через пульт иногда работает, но иногда бывают проблемы. Сервис компании не особо хорош. В целом, это продукт среднего качества.",313,172,1.1672630310058594,6,8,0.84,"The translation contains several inaccuracies, particularly mistranslating 'vacuum cleaner' as 'клееный патч' (glued patch). However, it successfully preserves the mixed sentiment of the review, capturing both positive and negative aspects of the product.","Я сказал бы, что это предложение и чистая строка, это нормально. Мощность хорошая, но шум очень сильный. Жизнь батареи немного плохая. Может работать даже 30 минут. Цена немного высокая, но качество неплохо. Пылесборник маленький — нужно часто чистить. Пульт управления иногда не работает, иногда возникают проблемы. Сервис компании не такой уж и хороший. В целом, это среднекачественный продукт.",313,171,1.6035540103912354,8,9,0.92,The translation accurately preserves most of the product details and maintains the mixed sentiment of the original review. Some minor phrasing differences exist but the core message about the vacuum cleaner's strengths and weaknesses is effectively communicated.
"Write the review in Tamil language about imaginary vacuum cleaner. Make it around 100 words. The review should reflect 3 star rating (1 is the lowest, 5 is the highest). Deliberately make several grammar mistakes. Make the sentiment neutral. Keep the language simple. Write review only, without title","நான் இந்த வாக்யும் கிளீனர பத்தி சொல்லனும்னா, அது ஓகே ஓகே தான். சக்ஷன் பவர் நல்லா இருக்கு, ஆனா சத்தம் ரொம்ப அதிகமா இருக்கு. பேட்டரி லைப் கொஞ்சம் மோசம். 30 நிமிஷம் கூட ரன் ஆகல. விலை கொஞ்சம் ஜாஸ்தி தான், ஆனா கவாலிட்டி பரவாயில்ல. டஸ்ட் பாக் சின்னதா இருக்கு - அடிக்கடி கழுவனும். ரிமோட் கன்ட்ரோல் வேல செய்யுது, சில சமயம் பிரச்சனை குடுக்குது. கம்பெனி சர்வீஸ் அவ்வளவா இல்ல. ஒட்டு மொத்தமா பாத்தா, மீடியம் க்வாலிட்டி ப்ராடக்ட்.",Translate to Hebrew. Keep the sentiment. Output translated text only.,"אם אני צריך לדבר על המכשיר הזה, זה בסדר גמור. הספק טוב, אבל הרעש גבוה מדי. חיי הסוללה קצת חלשים - לא מחזיק מעמד אפילו 30 דקות. המחיר קצת גבוה, אבל האיכות סבירה. שקית האבק קטנה - צריך לנקות אותה לעתים תכופות. השלט רחוק עובד לפעמים, אבל יש לו כמה בעיות. שירות החברה לא כל כך טוב. בסך הכל, זה מוצר באיכות בינונית.",395,218,5.949826955795288,9,9,0.85,"The translation accurately preserves the original meaning, product details, and sentiment about the vacuum cleaner. All key points about suction power, noise level, battery life, price, dust bag size, remote control issues, and company service are correctly conveyed.","אני לא ממש שמח עם המטהרי האוויר הללו, זה בסדר בסדר. ההספק טוב, אבל הרעש מאוד גבוה. חיי הסוללה קצת רעים, לא יותר מ-30 דקות. המחיר קצת גבוה, אבל האיכות בסדר. התא המאובק קטן - צריך לנקות אותו לעתים קרובות. השלט רחוק עובד, אבל לפעמים יש בעיות. שירות החברה לא מספק. בסך הכל, מוצר באיכות בינוני.",313,201,1.103498935699463,8,9,0.76,"The translation accurately preserves the main points about the vacuum cleaner's performance, battery life, price, and overall assessment. The sentiment of mild disappointment is well maintained, though there's a slight shift in the opening sentiment.","אני אומר את המשפט הזה והמילים הנקיות האלה, זה בסדר. הספק טוב מאוד, אבל הרעש מאוד גבוה. חיי הסוללה קצת רעים. זה יכול לרוץ אפילו 30 דקות. המחיר קצת גבוה, אבל האיכות לא רעה. שקית האבק קטנה - צריך לנקות אותה לעתים קרובות. השלט רחוק עובד, לפעמים יש בעיות. שירות החברה לא כל כך טוב. בסך הכל, מוצר באיכות בינונית.",313,210,1.8834621906280518,8,9,0.86,"The translation accurately preserves most product details and the mixed sentiment of the original review. There's a slight issue with the battery life statement, but overall the translation effectively communicates the reviewer's moderate satisfaction with the vacuum cleaner."
"Write the review in Tamil language about imaginary vacuum cleaner. Make it around 100 words. The review should reflect 3 star rating (1 is the lowest, 5 is the highest). Deliberately make several grammar mistakes. Make the sentiment neutral. Keep the language simple. Write review only, without title","நான் இந்த வாக்யும் கிளீனர பத்தி சொல்லனும்னா, அது ஓகே ஓகே தான். சக்ஷன் பவர் நல்லா இருக்கு, ஆனா சத்தம் ரொம்ப அதிகமா இருக்கு. பேட்டரி லைப் கொஞ்சம் மோசம். 30 நிமிஷம் கூட ரன் ஆகல. விலை கொஞ்சம் ஜாஸ்தி தான், ஆனா கவாலிட்டி பரவாயில்ல. டஸ்ட் பாக் சின்னதா இருக்கு - அடிக்கடி கழுவனும். ரிமோட் கன்ட்ரோல் வேல செய்யுது, சில சமயம் பிரச்சனை குடுக்குது. கம்பெனி சர்வீஸ் அவ்வளவா இல்ல. ஒட்டு மொத்தமா பாத்தா, மீடியம் க்வாலிட்டி ப்ராடக்ட்.",Translate to German. Keep the sentiment. Output translated text only.,"Wenn ich über diesen Staubsauger sprechen soll, ist er okay, okay. Die Saugkraft ist gut, aber der Lärm ist sehr hoch. Die Akkulaufzeit ist etwas schwach. Er läuft nicht einmal 30 Minuten. Der Preis ist etwas zu hoch, aber die Qualität ist in Ordnung. Der Staubbehälter ist klein - muss oft gereinigt werden. Die Fernbedienung funktioniert manchmal, verursacht gelegentlich Probleme. Der Kundenservice ist nicht besonders gut. Insgesamt ist es ein Produkt mittlerer Qualität.",395,168,4.954129934310913,9,9,0.98,"The translation accurately preserves the original meaning, product details, and sentiment about the vacuum cleaner. All key points about suction power, noise level, battery life, price, dust container, remote control issues, and service quality are correctly conveyed.","Ich habe dieses Vakuum-Reinigungsgerät gekauft, und es ist okay, okay. Der Saugkraft ist gut, aber es ist sehr laut. Die Batterieleistung ist etwas schlecht, es läuft nur etwa 30 Minuten. Der Preis ist ein bisschen hoch, aber die Qualität ist in Ordnung. Der Staubbehälter ist klein – muss oft geleert werden. Die Fernbedienung funktioniert, aber manchmal gibt es Probleme. Der Kundendienst der Firma ist nicht sehr gut. Alles in allem ein mittelmäßiges Produkt.",313,110,0.935164213180542,9,9,1.02,"The translation accurately preserves the original meaning, product details, and the mixed sentiment of the review. All key points about suction power, noise level, battery life, price, dust container, remote control issues, and company service are correctly conveyed.","Ich habe diesen Satz und den Klenär-Artikel gelesen, und es ist in Ordnung. Die Saugleistung ist gut, aber der Lärm ist sehr hoch. Die Akkulaufzeit ist etwas schlecht. Läuft nicht einmal 30 Minuten. Der Preis ist etwas hoch, aber die Qualität ist akzeptabel. Der Staubbehälter ist klein - muss oft gewaschen werden. Die Fernbedienung funktioniert, aber manchmal gibt es Probleme. Der Kundenservice ist nicht so gut. Insgesamt gesehen ist es ein mittelmäßiges Produkt.",313,111,1.1355657577514648,8,9,1.03,"The translation accurately preserves most of the original content and sentiment about the vacuum cleaner, including complaints about noise, battery life, and dust container size. Minor inaccuracy in the opening sentence but maintains the overall mediocre product assessment."
"Write the review in Tamil language about imaginary vacuum cleaner. Make it around 100 words. The review should reflect 1 star rating (1 is the lowest, 5 is the highest). Deliberately make several grammar mistakes. Make the sentiment negative. Keep the language simple. Write review only, without title","நான் இந்த வாக்யும் க்ளீனர வாங்கி பெரிய தப்பு பண்ணிட்டேன். சத்தம் ரொம்ப அதிகமா இருக்கு, தூசிய சரியா உறிஞ்சவே இல்லை. மோட்டார் வேற அடிக்கடி நின்னுடுது. பணத்த தண்ணில போட்ட மாதிரி. நான் வாங்குன 2 வாரத்துலயே பட்டன் உடைஞ்சிடுச்சு. கம்பெனி சர்வீஸ் சென்டர்ல பேசுனா யாரும் சரியா பதில் சொல்லல. வாங்காதீங்க இந்த பொருள. வேஸ்ட் ஆப் மனி. எனக்கு முன்னாடி யாராவது சொல்லி இருந்தா நல்லா இருந்திருக்கும். இப்ப நான் வேற வாக்யும் வாங்கனும்.",Translate to Russian. Keep the sentiment. Output translated text only.,"Я купил этот пылесос и совершил большую ошибку. Шум просто невыносимый, он даже толком не собирает пыль. Мотор постоянно глохнет. Деньги просто выброшены на ветер. Всего за две недели после покупки кнопка сломалась. В сервисном центре компании никто толком не может ответить. Не покупайте эту вещь. Просто выброс денег. Если бы кто-то предупредил меня раньше, было бы намного лучше. Теперь мне придется купить другой пылесос.",374,181,3.9182677268981934,9,10,1.05,"The translation accurately preserves the negative sentiment and all key complaints about the vacuum cleaner (noise, poor suction, motor issues, button breaking). The Russian translation effectively communicates the customer's frustration and warning to other potential buyers.","Я купил этот устройство, надеясь на его чистоту, но сделал большую ошибку. Шумит очень громко, пыль не сможет полностью удалить, а мотор часто ломается. Кажется, я в водку вложил деньги. Через 2 недели после покупки он начал ломаться. В сервисном центре компании никто не давал правильного ответа. Не покупайте этот товар, это просто утрата времени и денег. Если кто-то раньше сказал мне об этом, было бы лучше. Теперь я покупаю другой жетон.",296,198,1.3779549598693848,7,9,1.03,"The translation captures the negative sentiment and main complaints about the vacuum cleaner well, though there are some minor inaccuracies in terminology (using 'устройство' instead of 'пылесос' and 'жетон' instead of 'пылесос' at the end). The emotional dissatisfaction is effectively conveyed.","Я купил этот пылесос Клинер и сделал большую ошибку. Шум очень сильный, пыль не отсасывается должным образом. Мотор часто перегревается. Похоже на то, что я потратил деньги впустую. Я купил его всего за 2 недели назад, и уже сломался. В сервисном центре никто не дал должного ответа. Не покупайте этот товар. Это просто потеря денег. Если бы кто-нибудь предупредил меня раньше, было бы лучше. Теперь я собираюсь купить другой пылесос.",296,196,1.7992911338806152,9,10,1.14,"The translation accurately preserves the negative sentiment and all key complaints about the vacuum cleaner. All product issues (noise, poor suction, motor problems, button breaking) and customer service complaints are correctly conveyed with appropriate Russian terminology."
"Write the review in Tamil language about imaginary vacuum cleaner. Make it around 100 words. The review should reflect 1 star rating (1 is the lowest, 5 is the highest). Deliberately make several grammar mistakes. Make the sentiment negative. Keep the language simple. Write review only, without title","நான் இந்த வாக்யும் க்ளீனர வாங்கி பெரிய தப்பு பண்ணிட்டேன். சத்தம் ரொம்ப அதிகமா இருக்கு, தூசிய சரியா உறிஞ்சவே இல்லை. மோட்டார் வேற அடிக்கடி நின்னுடுது. பணத்த தண்ணில போட்ட மாதிரி. நான் வாங்குன 2 வாரத்துலயே பட்டன் உடைஞ்சிடுச்சு. கம்பெனி சர்வீஸ் சென்டர்ல பேசுனா யாரும் சரியா பதில் சொல்லல. வாங்காதீங்க இந்த பொருள. வேஸ்ட் ஆப் மனி. எனக்கு முன்னாடி யாராவது சொல்லி இருந்தா நல்லா இருந்திருக்கும். இப்ப நான் வேற வாக்யும் வாங்கனும்.",Translate to Hebrew. Keep the sentiment. Output translated text only.,"קניתי מנקה זה וטעיתי בגדול. הרעש מאוד חזק, לא מסנן את האבק בכלל. המנוע נעצר לעתים קרובות כמו זריקת כסף לפח. תוך שבועיים מהקנייה, הכפתור כבר נשבר. בשירות של החברה אף אחד לא עונה בצורה ראויה. אל תקנו מוצר זה. בזבוז כסף. הלוואי ומישהו היה אומר לי קודם, זה היה טוב יותר. עכשיו אני צריך לקנות מנקה אחר.",374,213,6.399902820587158,9,10,0.76,"The translation accurately preserves the negative sentiment and all key complaints about the vacuum cleaner. The Hebrew version effectively communicates the product issues, disappointment, and warning to other consumers.","אני קיבלתי את זה והעשיתי טעות גדולה. הרעש מאוד גבוה, הוא לא סופג לכלוך כמו שצריך. המנוע עוצר לעתים קרובות. כמו שהשקעתי כסף לשווא. קיבלתי את זה לפני שבועיים והוא כבר מתחיל להיסדק. כשהתקשרתי למרכז השירות של החברה, אף אחד לא נתן לי תשובה נכונה. אל תקנו את המוצר הזה. זה בזבז כסף. אם מישהו היה אומר לי קודם, היה לי טוב יותר. עכשיו אני קונה מכשיר אחר.",296,234,1.5959553718566895,8,9,0.94,"The translation accurately conveys the negative experience with the vacuum cleaner, preserving the customer's frustration and disappointment. Minor details were slightly modified but the core complaint about noise, poor suction, motor issues, and poor customer service was well preserved.","קניתי את השואב האמריקאי הזה ועשיתי טעות גדולה. הרעש מאוד גדול, זה לא מוצץ את האבק כמו שצריך. המנוע מתעייף לעיתים קרובות. זה מכשיר לא שווה את הכסף. קניתי אותו לפני שבועיים והכפתור נקרע. דיברתי עם מרכז השירות של החברה אבל אף אחד לא השיב לי. אל תקנו את המוצר הזה. בזבוז של כסף. אם מישהו היה אומר לי קודם, זה היה יותר טוב. עכשיו אני קונה שואב אחר.",296,226,2.066136121749878,9,10,0.94,"The translation accurately preserves the negative sentiment and all key complaints about the vacuum cleaner. Technical details about the product's issues (noise, poor suction, motor problems, button breaking) are correctly conveyed."
"Write the review in Tamil language about imaginary vacuum cleaner. Make it around 100 words. The review should reflect 1 star rating (1 is the lowest, 5 is the highest). Deliberately make several grammar mistakes. Make the sentiment negative. Keep the language simple. Write review only, without title","நான் இந்த வாக்யும் க்ளீனர வாங்கி பெரிய தப்பு பண்ணிட்டேன். சத்தம் ரொம்ப அதிகமா இருக்கு, தூசிய சரியா உறிஞ்சவே இல்லை. மோட்டார் வேற அடிக்கடி நின்னுடுது. பணத்த தண்ணில போட்ட மாதிரி. நான் வாங்குன 2 வாரத்துலயே பட்டன் உடைஞ்சிடுச்சு. கம்பெனி சர்வீஸ் சென்டர்ல பேசுனா யாரும் சரியா பதில் சொல்லல. வாங்காதீங்க இந்த பொருள. வேஸ்ட் ஆப் மனி. எனக்கு முன்னாடி யாராவது சொல்லி இருந்தா நல்லா இருந்திருக்கும். இப்ப நான் வேற வாக்யும் வாங்கனும்.",Translate to German. Keep the sentiment. Output translated text only.,"Ich habe einen großen Fehler gemacht, als ich diesen Staubsauger gekauft habe. Der Lärm ist extrem hoch, und er saugt den Staub überhaupt nicht richtig auf. Der Motor bleibt ständig stehen. Es ist, als hätte ich mein Geld zum Fenster hinausgeworfen. Schon nach zwei Wochen ist ein Knopf kaputt gegangen. In der Servicestelle der Firma gibt niemand eine richtige Antwort. Kauft dieses Produkt nicht. Verschwendung von Geld. Wenn mir vorher jemand etwas gesagt hätte, wäre es besser gewesen. Jetzt muss ich einen anderen Staubsauger kaufen.",374,195,3.9665751457214355,9,10,1.24,"The translation accurately conveys all key points of the negative review including specific complaints about noise, suction power, motor issues, and poor customer service. The negative sentiment and frustration of the original review are perfectly preserved in the German translation.","Ich habe diesen Gerät gekauft und einen großen Fehler gemacht. Es macht viel Lärm, saugt den Schmutz nicht richtig und der Motor geht ständig aus. Es ist wie Geld wegwerfen. Ich habe es nach nur zwei Wochen zurückgegeben. Niemand im Servicecenter der Firma konnte mir eine richtige Antwort geben. Kauft diesen Mist nicht. Verschwendung von Geld. Wenn mir das jemand zuvor gesagt hätte, wäre es besser gewesen. Jetzt werde ich mir ein anderes Gerät kaufen.",296,95,0.913686990737915,8,9,1.17,"The translation accurately conveys the negative experience with the vacuum cleaner, maintaining the key complaints and dissatisfaction. There's a minor detail change (returning vs. button breaking) but the overall meaning and strong negative sentiment are well preserved.","Ich habe diesen Staubsauger gekauft und einen großen Fehler gemacht. Der Lärm ist extrem laut, er saugt nicht richtig Staub auf. Der Motor läuft ständig. Das Modell, das ich für den Preis gekauft habe. Schon nach 2 Wochen ist der Schalter kaputt gegangen. Niemand im Servicecenter hat eine zufriedenstellende Antwort gegeben. Kauft dieses Produkt nicht. Verschwendung von Geld. Hätte ich vorher jemandem zugehört, wäre es besser gewesen. Jetzt habe ich einen anderen Staubsauger gekauft.",296,107,2.5342602729797363,7,9,1.07,"The translation preserves the negative sentiment and most key points about the vacuum cleaner's issues, but contains some inaccuracies in the details (particularly regarding the motor stopping vs. running constantly). The emotional dissatisfaction is well conveyed."
"Write the review in Chinese language about imaginary vacuum cleaner. Make it around 100 words. The review should reflect 5 star rating (1 is the lowest, 5 is the highest). Deliberately make several grammar mistakes. Make the sentiment positive. Keep the language simple. Write review only, without title","我刚买了这款吸尘器真是太满意了！它的吸力特别大，可以轻松把地毯上的毛发和灰尘都吸的干干净净。我最喜欢它的电池续航能力，充一次电可以打扫整个房子。虽然价格比其它的贵一点，但是值得。

使用的时候特别安静，不会吵到邻居。而且重量很轻，我老母亲也能够轻松使用它。唯一的缺点是充电器有点短，但这个问题不大。

我给这个吸尘器打五颗星，因为它真的改变了我打扫卫生的体验。强烈推荐给大家！

（包含的语法错误：应为""吸得""而不是""吸的""；""打扫""后应加""完""；""其它""应为""其他""）",Translate to Russian. Keep the sentiment. Output translated text only.,"Я только что купил этот пылесос, и я просто в восторге! Его всасывающая способность просто потрясающая, он легко собирает шерсть и пыль с ковра, оставляя его абсолютно чистым. Больше всего мне нравится его батарея – одного заряда хватает, чтобы убрать весь дом. Хотя он немного дороже других моделей, но это того стоит.

При использовании он очень тихий, не беспокоит соседей. К тому же, он легкий, и даже моя пожилая мать может им легко пользоваться. Единственный недостаток – короткий зарядный кабель, но это не такая уж большая проблема.

Я ставлю этому пылесосу пять звезд, потому что он действительно изменил мой опыт уборки. Настоятельно рекомендую всем!",286,272,5.381340742111206,9,10,0.83,"The translation accurately preserves the original meaning, product details, and enthusiastic sentiment of the review. Minor grammatical errors in the source text were appropriately handled in the translation.","Я только что купил этот пылесос и он просто потрясающий! Его сильнота огромна, и он может легко убрать волосы и пыль со ковров. Мне особенно нравится его долговечность батареи — одна зарядка достаточно для очистки всего дома. Хотя цена немного выше, чем у других, но он того стоит.

Он работает особенно тихим режимом, не будет беспокоить соседей. К тому же, он очень легкий, даже моя мама может легко им пользоваться. Единственный недостаток — зарядное устройство немного короткое, но это небольшая проблема.

Я даю этому пылесосу пять звезд, потому что он действительно изменился мой опыт уборки. Я настоятельно рекомендую всем!

(Включает грамматические ошибки: должно быть ""убрать"" вместо ""吸得""; ""打扫"" должно быть ""完""; ""其它"" должно быть ""其他"")",292,326,2.070233106613159,7,9,0.83,"The translation preserves the main points and positive sentiment of the review, but contains several errors including incorrect grammar ('сильнота' instead of 'мощность', 'со ковров' instead of 'с ковров') and a mistranslation ('изменился мой опыт' should be 'изменил мой опыт').","Я только что купил этот пылесос, и я просто в восторге! Его мощность всасывания просто огромна, он легко высасывает все волосы и пыль с ковра. Мне больше всего нравится его автономность, на одной зарядке он может убрать всю квартиру. Хотя цена немного выше, чем у других, но это того стоит.

При использовании он очень тихий, не будит соседей. Кроме того, он очень легкий, моя мама тоже может легко им пользоваться. Единственный недостаток — зарядное устройство немного короткое, но это не большая проблема.

Я бы дал этому пылесосу пять звезд, потому что он действительно изменил мой опыт уборки. Настоятельно рекомендую всем!",292,265,2.446316957473755,9,10,0.85,"The translation accurately preserves the original meaning, product details, and enthusiastic sentiment of the review. Minor grammatical errors in the source text were appropriately handled in the translation."
"Write the review in Chinese language about imaginary vacuum cleaner. Make it around 100 words. The review should reflect 5 star rating (1 is the lowest, 5 is the highest). Deliberately make several grammar mistakes. Make the sentiment positive. Keep the language simple. Write review only, without title","我刚买了这款吸尘器真是太满意了！它的吸力特别大，可以轻松把地毯上的毛发和灰尘都吸的干干净净。我最喜欢它的电池续航能力，充一次电可以打扫整个房子。虽然价格比其它的贵一点，但是值得。

使用的时候特别安静，不会吵到邻居。而且重量很轻，我老母亲也能够轻松使用它。唯一的缺点是充电器有点短，但这个问题不大。

我给这个吸尘器打五颗星，因为它真的改变了我打扫卫生的体验。强烈推荐给大家！

（包含的语法错误：应为""吸得""而不是""吸的""；""打扫""后应加""完""；""其它""应为""其他""）",Translate to Hebrew. Keep the sentiment. Output translated text only.,"אני כל כך מרוצה מהשואב אבק הזה שרכשתי! עוצמת היניקה שלו מדהימה, ומסוגל לנקות בקלות שערות ואבק מהשטיח עד שהוא נקי לגמרי. אני מאוד אוהב את משך הסוללה שלו, שמאפשר לטעון פעם אחת ולנקות את כל הבית. למרות שהמחיר שלו קצת יותר גבוה מאחרים, הוא שווה את זה.

השימוש בו שקט במיוחד, ולא מפריע לשכנים. בנוסף, הוא קל מאוד, וגם אמי המבוגרת יכולה להשתמש בו בקלות. החיסרון היחיד הוא שכבל הטעינה קצת קצר, אבל זה לא כזה משמעותי.

אני נותן לשואב אבק זה חמישה כוכבים, כי הוא באמת שינה את חוויית הניקיון שלי. אני ממליץ עליו בחום לכולם!",286,368,8.29836106300354,9,10,0.78,"The translation accurately preserves the original meaning, product details, and enthusiastic sentiment of the review. Minor grammatical errors from the original were appropriately corrected in the translation, and the Hebrew text flows naturally while maintaining all key points.","אני ממש מרוצה מהשואב החדש שלי! הוא בעל כוח יניקה גדול במיוחד, יכול לנקות בקלות את השיער והאבק מהשטיחים. אני הכי אוהב את יכולת הסוללה שלו, אפשר לנקות את כל הבית לאחר טעינה אחת. למרות שהמחיר קצת יקר יותר מאחרים, זה שווה את זה.

הוא מאוד שקט בשימוש, לא יקשקש לשכנים. והוא קל משקל, אפילו אמא שלי יכולה להשתמש בו בקלות. החיסרון היחיד הוא שהמטען קצר קצת, אבל זה לא בעיה גדולה.

אני נותן לשואב הזה חמש כוכבי זהב, כי הוא באמת שינה את החוויה שלי בניקיון הבית. אני ממליץ מאוד לכולם!

(תיקון טעויות דקדוק: צריך להיות ""יניק"" ולא ""יניקה""; אחרי ""ניקוי"" צריך להיות ""שלם""; ""אחרים"" צריך להיות ""אחרים"")",292,381,1.870408058166504,9,10,0.78,"The translation accurately preserves the original meaning, product details, and enthusiastic sentiment of the review. Minor terminology issues exist but don't impact the overall quality of this excellent translation.","קניתי את שואב האבק הזה ובאמת הייתי מרוצה! היניקה שלו חזקה במיוחד, והוא מסוגל בקלות לנקות לגמרי את השערות והאבק מהשטיח. אני הכי אוהב את יכולת הסוללה שלו, טעינה אחת יכולה לנקות את כל הבית. למרות שהמחיר שלו יקר יותר מאחרים, זה שווה את זה.

כשמשתמשים בו הוא שקט במיוחד, לא מטריד את השכנים. והמשקל שלו קל, אפילו אמא הזקנה שלי יכולה להשתמש בו בקלות. החיסרון היחיד הוא שהמטען קצת קצר, אבל זה לא בעיה גדולה.

אני נותן לשואב האבק הזה חמישה כוכבים, כי הוא באמת שינה את החוויה שלי בניקיון. ממליץ בחום לכולם!",292,326,2.849276065826416,9,10,0.75,"The translation accurately preserves the original meaning, product details, and enthusiastic sentiment of the review. The word count ratio is appropriate for Chinese to Hebrew translation, with all key points and the positive recommendation maintained."
"Write the review in Chinese language about imaginary vacuum cleaner. Make it around 100 words. The review should reflect 5 star rating (1 is the lowest, 5 is the highest). Deliberately make several grammar mistakes. Make the sentiment positive. Keep the language simple. Write review only, without title","我刚买了这款吸尘器真是太满意了！它的吸力特别大，可以轻松把地毯上的毛发和灰尘都吸的干干净净。我最喜欢它的电池续航能力，充一次电可以打扫整个房子。虽然价格比其它的贵一点，但是值得。

使用的时候特别安静，不会吵到邻居。而且重量很轻，我老母亲也能够轻松使用它。唯一的缺点是充电器有点短，但这个问题不大。

我给这个吸尘器打五颗星，因为它真的改变了我打扫卫生的体验。强烈推荐给大家！

（包含的语法错误：应为""吸得""而不是""吸的""；""打扫""后应加""完""；""其它""应为""其他""）",Translate to German. Keep the sentiment. Output translated text only.,"Ich bin mit diesem Staubsauger total zufrieden! Seine Saugkraft ist besonders stark und kann Haare und Staub auf dem Teppich mühelos vollständig aufsaugen. Am liebsten mag ich seine Batterielaufzeit - eine einzige Ladung reicht aus, um das ganze Haus zu reinigen. Obwohl er etwas teurer ist als andere, lohnt er sich definitiv.

Beim Gebrauch ist er besonders leise und stört die Nachbarn nicht. Zudem ist er sehr leicht, sodass sogar meine alte Mutter ihn problemlos bedienen kann. Der einzige Nachteil ist, dass das Ladekabel etwas kurz ist, aber das ist kein großes Problem.

Ich gebe diesem Staubsauger fünf Sterne, weil er wirklich meine Reinigungserfahrung verändert hat. Ich kann ihn allen wärmstens empfehlen!",286,249,4.756025791168213,9,10,0.83,"The translation accurately preserves the original meaning, product details, and enthusiastic sentiment of the review. Minor grammatical errors in the source text were appropriately corrected in the German translation.","Ich bin absolut zufrieden mit meinem neuen Staubsauger! Er hat eine besonders starke Saugkraft und kann mühelos Haare und Staub von den Teppichen aufsaugen. Was mir besonders gefällt, ist die Akkulaufzeit: Mit einer einzigen Ladung kann ich das ganze Haus reinigen. Obwohl der Preis etwas höher ist als bei anderen, ist er es wert.

Er ist besonders leise im Betrieb und stört die Nachbarn nicht. Außerdem ist er leicht, sodass sogar meine ältere Mutter ihn mühelos benutzen kann. Das einzige Manko ist der etwas kurze Ladekabel, aber das ist kein großes Problem.

Ich gebe diesem Staubsauger fünf Sterne, weil er meine Reinigungserfahrung wirklich verändert hat. Ich kann ihn jedem wärmstens empfehlen!

(Inklusive der Grammatikfehler: sollte ""aufgesaugt"" statt ""aufgesaugt"" heißen; nach ""reinigen"" sollte ""kann"" stehen; ""andere"" statt ""andere"" verwenden)",292,200,1.3939409255981445,9,10,0.94,"The translation accurately preserves the original meaning, product details, and enthusiastic sentiment of the review. All key points about the vacuum's suction power, battery life, weight, and noise level are correctly conveyed, maintaining the same positive recommendation.","Ich bin wirklich sehr zufrieden mit diesem Staubsauger, den ich gerade gekauft habe! Er hat eine besonders starke Saugkraft und kann ganz einfach alle Haare und Staub von den Teppichen aufsaugen. Am besten gefällt mir die Akkulaufzeit, mit einer einzigen Ladung kann ich das ganze Haus reinigen. Obwohl er teurer ist als andere, ist er es wert.

Während der Benutzung ist er sehr leise und stört die Nachbarn nicht. Außerdem ist er sehr leicht, selbst meine alte Mutter kann ihn problemlos benutzen. Der einzige Nachteil ist, dass das Ladekabel etwas kurz ist, aber das ist kein großes Problem.

Ich gebe diesem Staubsauger fünf Sterne, weil er wirklich mein Putzerlebnis verändert hat. Ich kann ihn jedem wärmstens empfehlen!",292,156,1.484382152557373,9,10,0.94,The translation accurately conveys all key product details and perfectly preserves the enthusiastic sentiment of the original review. Minor grammatical errors in the source text were appropriately corrected in the German translation.
"Write the review in Chinese language about imaginary vacuum cleaner. Make it around 100 words. The review should reflect 3 star rating (1 is the lowest, 5 is the highest). Deliberately make several grammar mistakes. Make the sentiment neutral. Keep the language simple. Write review only, without title","我买这个吸尘器已经用了两个月了。它的吸力还可以，但不是特别强。最让我不满意的是电池寿命太短，充满电只能用30分钟左右。价钱算是中等，但质量感觉一般般。

优点是体积比较小，容易收纳，而且重量也不会太重。清理灰尘和宠物毛发还蛮好用的。但是运行的声音有一点大，有时候会吵到邻居。

总的来说，这个吸尘器还算可以用，但是跟我期待的有点差距。如果公司能改进电池和降低噪音就更好了。

（包含的语法错误：应为""有点儿大""而用了""有一点大""，""蛮好用""应为""很好用""，""还算可以用""应为""还算可以""）",Translate to Russian. Keep the sentiment. Output translated text only.,"Я пользуюсь этим пылесосом уже два месяца. Его всасывающая способность неплохая, но не очень сильная. Больше всего меня не устраивает короткий срок службы батареи, после полной зарядки можно использовать только около 30 минут. Цена средняя, но качество кажется посредственным.

Плюс в том, что он довольно компактный, легко хранится, и вес не слишком большой. Хорошо справляется с уборкой пыли и шерсти домашних животных. Но работает довольно шумно, иногда даже мешает соседям.

В целом, пылесос сносный, но не совсем соответствует моим ожиданиям. Было бы лучше, если бы компания улучшила батарею и снизила уровень шума.",285,252,4.2920660972595215,9,9,0.75,"The translation accurately preserves the original meaning, product details, and sentiment of the review. Minor grammatical errors in the original were appropriately handled in the translation, maintaining the moderately dissatisfied tone regarding battery life and noise issues.","Я пользуюсь этим пылесосом уже два месяца. Его сильнота ещё в порядке, но не особенно сильная. Что наиболее разочаровывает меня, так это слишком короткая рабочая автономность батареи: на полный заряд он может работать лишь около 30 минут. Цена является средней, но качество кажется скромным.

Плюсы: он небольшого объёма, легко укладывается, и вес не слишком большой. Очень хорошо справляется с удалением пыли и шерсти домашних животных. Но шум при работе немного велик, иногда достаточно громко, чтобы раздражить соседей.

В целом, это пылесос вполне пригоден, но отстаёт от моих ожиданий. Если компания сможет улучшить батарею и снизить уровень шума, будет ещё лучше.

(Включает грамматические ошибки: должно быть ""немного велик"" вместо ""немного большой"", ""очень хорошо"" вместо ""справляется справляется"", ""пригожен"" вместо ""пригоден"")",291,363,2.1026527881622314,7,8,0.83,"The translation preserves most of the original meaning and sentiment, but contains some inaccuracies like 'сильнота' (should be 'мощность всасывания') and awkward phrasing. The sentiment of mild disappointment with the product is well maintained.","Я купил этот пылесос два месяца назад. Его сила всасывания вполне приемлема, но не особенно сильна. Наибольшее разочарование вызвала короткая продолжительность работы от аккумулятора, который полностью заряжен прослужит около 30 минут. Цена средняя, но качество оставляет желать лучшего.

Плюсы в том, что объем достаточно мал, его легко хранить, и вес не слишком большой. Он хорошо подходит для удаления пыли и шерсти домашних животных. Однако звук работы немного громкий, и иногда это мешает соседям.

В целом, этот пылесос всё ещё можно использовать, но он немного не соответствует моим ожиданиям. Если бы компания улучшила аккумулятор и снизила уровень шума, было бы лучше.",291,292,2.6019411087036133,9,9,0.83,"The translation accurately preserves the original meaning, product details, and sentiment of the review. Minor grammatical errors in the original were appropriately corrected in the translation while maintaining the balanced critique of the vacuum cleaner."
"Write the review in Chinese language about imaginary vacuum cleaner. Make it around 100 words. The review should reflect 3 star rating (1 is the lowest, 5 is the highest). Deliberately make several grammar mistakes. Make the sentiment neutral. Keep the language simple. Write review only, without title","我买这个吸尘器已经用了两个月了。它的吸力还可以，但不是特别强。最让我不满意的是电池寿命太短，充满电只能用30分钟左右。价钱算是中等，但质量感觉一般般。

优点是体积比较小，容易收纳，而且重量也不会太重。清理灰尘和宠物毛发还蛮好用的。但是运行的声音有一点大，有时候会吵到邻居。

总的来说，这个吸尘器还算可以用，但是跟我期待的有点差距。如果公司能改进电池和降低噪音就更好了。

（包含的语法错误：应为""有点儿大""而用了""有一点大""，""蛮好用""应为""很好用""，""还算可以用""应为""还算可以""）",Translate to Hebrew. Keep the sentiment. Output translated text only.,"קניתי את שואב האבק הזה לפני חודשיים. עוצמת היניקה שלו סבירה, אך לא מיוחדת במינה. מה שמפריע לי ביותר הוא חיי הסוללה הקצרים, שמאפשרים שימוש של כ-30 דקות לאחר טעינה מלאה. המחיר הוא בינוני, והאיכות מרגישה רגילה למדי.

היתרונות הם גודל קטן יחסית, קל לאחסון, ומשקלו אינו כבד מדי. הוא מאוד יעיל בניקוי אבק ושיער של חיות מחמד. אך רמת הרעש שלו גבוהה, ולעתים מפריעה לשכנים.

בסך הכל, השואב סביר, אך לא עונה לגמרי על הציפיות שלי. אם החברה תשפר את הסוללה ותפחית את הרעש, זה יהיה טוב יותר.",285,335,6.988896131515503,9,9,0.7,"The translation accurately preserves the original meaning, product details, and sentiment of the review. It correctly conveys the mixed feelings about the vacuum cleaner, mentioning both its advantages and limitations.","אני קונה את שואב האבק הזה כבר שני חודשים. הוא סופג לא ממש חזק, אבל די טוב. מה שבכל זאת מרחיב לי אי סיפוק הוא שהסוללה נמשכת רק 30 דקות בערך כשהיא מחוברת לטעינה מלאה. המחיר הוא בסביבות הממוצע, אבל האיכות מרגישה בינונית.

היתרונות הם שהוא קטן יחסית, קל לאחסן, וגם המשקל שלו לא כל כך כבד. הוא טוב לניקוי אבק ושיער של חיות מחמד. אבל רמת הרועש שלו קצת גדולה, ולפעמים זה מפריע לשכנים.

בסך הכל, שואב האבק הזה די בסדר לשימוש, אבל יש פער מהציפיות שלי. אם החברה תשפר את הסוללה ותוריד את הרעש, זה יהיה עדיין יותר טוב.

(כולל טעויות דקדוק: צריך להיות ""קצת גדול"" ולא ""קצת גדולה"", ""טוב מאוד"" ולא ""טוב מאוד"", ""די בסדר"" ולא ""די בסדר לשימוש"")",291,415,2.11312198638916,6,7,0.79,"The translation contains several inaccuracies including mistranslating 'I bought' as 'I buy', issues with suction power description, and some grammatical errors. While the general sentiment is preserved, some nuances of the customer's dissatisfaction are not fully conveyed.","אני משתמש בשואב האבק הזה כבר חודשיים. כוחו של השואב טוב, אבל לא חזק במיוחד. מה שהכי לא משביע את רצוני הוא חיי הסוללה הקצרים, טעינה מלאה מאפשרת שימוש של כ-30 דקות בלבד. המחיר הוא בינוני, אבל תחושת האיכות היא סבירה.

היתרונות הם שהנפח קטן יחסית, קל לאחסון, והמשקל לא כבד מדי. ניקוי אבק ושיער חיות מחמד עובד טוב למדי. אבל הרעש במהלך הפעולה קצת גדול, לפעמים זה מטריד את השכנים.

בסך הכל, שואב האבק הזה עדיין ניתן לשימוש, אבל יש פער קטן מהציפיות שלי. אם החברה תשפר את הסוללה ותפחית את הרעש יהיה טוב יותר. 

(כולל שגיאות דקדוק: במקום ""קצת גדול"" נכתב ""גדול קצת"", במקום ""טוב למדי"" נכתב ""טוב מאוד"", במקום ""ניתן לשימוש"" נכתב ""ניתן לשימוש"").",291,420,3.501347064971924,9,9,0.75,"The translation accurately preserves the original meaning, product details, and sentiment of the review. Minor grammatical errors noted in the Hebrew translation do not significantly impact the overall quality or meaning."
"Write the review in Chinese language about imaginary vacuum cleaner. Make it around 100 words. The review should reflect 3 star rating (1 is the lowest, 5 is the highest). Deliberately make several grammar mistakes. Make the sentiment neutral. Keep the language simple. Write review only, without title","我买这个吸尘器已经用了两个月了。它的吸力还可以，但不是特别强。最让我不满意的是电池寿命太短，充满电只能用30分钟左右。价钱算是中等，但质量感觉一般般。

优点是体积比较小，容易收纳，而且重量也不会太重。清理灰尘和宠物毛发还蛮好用的。但是运行的声音有一点大，有时候会吵到邻居。

总的来说，这个吸尘器还算可以用，但是跟我期待的有点差距。如果公司能改进电池和降低噪音就更好了。

（包含的语法错误：应为""有点儿大""而用了""有一点大""，""蛮好用""应为""很好用""，""还算可以用""应为""还算可以""）",Translate to German. Keep the sentiment. Output translated text only.,"Ich habe diesen Staubsauger jetzt seit zwei Monaten. Seine Saugkraft ist in Ordnung, aber nicht besonders stark. Am unzufriedensten bin ich mit der Akkulaufzeit, die nur etwa 30 Minuten nach einer vollen Ladung beträgt. Der Preis ist mittelmäßig, und die Qualität fühlt sich durchschnittlich an.

Vorteile sind die kompakte Größe, die leichte Aufbewahrung und das geringe Gewicht. Er ist recht gut zum Reinigen von Staub und Tierhaaren geeignet. Allerdings ist das Betriebsgeräusch etwas laut und stört manchmal die Nachbarn.

Insgesamt ist der Staubsauger brauchbar, aber nicht ganz so gut wie erhofft. Wenn das Unternehmen Akku und Geräuschpegel verbessern könnte, wäre das sehr gut.",285,249,5.311913013458252,9,9,0.7,"The translation accurately preserves the original meaning, product details, and sentiment of the review. The lower word count ratio is appropriate for Chinese-to-German translation due to structural differences between the languages.","Ich habe diesen Staubsauger schon zwei Monate lang benutzt. Die Saugleistung ist in Ordnung, aber nicht besonders stark. Was mich am meisten enttäuscht, ist die kurze Akkulaufzeit, denn nach einer vollständigen Ladung kann er nur etwa 30 Minuten lang benutzt werden. Der Preis ist durchschnittlich, aber die Qualität fühlt sich mittelmäßig an.

Der Vorteil ist, dass er klein und leicht ist und leicht zu verstauen ist. Das Reinigen von Staub und Tierhaaren funktioniert ziemlich gut. Allerdings ist das Betriebsgeräusch etwas laut und kann manchmal die Nachbarn stören.

Insgesamt ist der Staubsauger brauchbar, aber er entspricht nicht ganz meinen Erwartungen. Es wäre toll, wenn das Unternehmen die Batterie verbessern und den Lärm reduzieren könnte.",291,159,0.9768350124359131,9,10,0.82,"The translation accurately preserves the original meaning, including all key product details, criticisms about battery life and noise, and the overall mixed sentiment. The slight colloquial errors in the original were appropriately standardized in the German translation.","Ich habe diesen Staubsauger jetzt seit zwei Monaten. Seine Saugkraft ist in Ordnung, aber nicht besonders stark. Was mich am meisten stört, ist die kurze Akkulaufzeit, die nur etwa 30 Minuten nach dem Aufladen beträgt. Der Preis ist mittelmäßig, aber die Qualität fühlt sich nur durchschnittlich an.

Die Vorteile sind, dass er relativ klein ist, leicht zu verstauen und nicht zu schwer. Er ist auch ziemlich gut zum Reinigen von Staub und Tierhaaren. Allerdings ist der Geräuschpegel etwas hoch und stört manchmal die Nachbarn.

Insgesamt ist dieser Staubsauger noch brauchbar, aber er fällt etwas hinter meinen Erwartungen zurück. Wenn das Unternehmen die Akkulaufzeit verbessern und den Lärm reduzieren könnte, wäre es noch besser.",291,160,1.5344598293304443,9,10,0.78,"The translation accurately preserves the original meaning, including all key product details, criticisms about battery life and noise level, and the overall mixed sentiment. The word count ratio is appropriate for Chinese to German translation, with German being more concise."
"Write the review in Chinese language about imaginary vacuum cleaner. Make it around 100 words. The review should reflect 1 star rating (1 is the lowest, 5 is the highest). Deliberately make several grammar mistakes. Make the sentiment negative. Keep the language simple. Write review only, without title","我买这个吸尘器真是后悔死了。用了才两个礼拜就坏掉了。吸力特别小，连地上的头发都吸不起。充电只能用30分钟，但充电要5个小时！价格不便宜，但质量太差了。

而且运行的声音超大，把我家猫都吓到了。塑料外壳感觉很容易碎。有一次不小心碰到桌角，外壳就裂了一道缝。

客服态度也很差，打电话总是没人接。我给它们发电子邮件，等了2个星期还没回复。

总之，这是我买过最差的电器。大家千万不能买这个牌子！浪费钱！",Translate to Russian. Keep the sentiment. Output translated text only.,"Я просто жалею, что купил этот пылесос. Он сломался всего через две недели. Всасывание очень слабое, даже волосы с пола не может собрать. Заряда хватает только на 30 минут, а зарядка занимает 5 часов! Цена не низкая, но качество просто ужасное.

К тому же, работает он очень громко и напугал даже мою кошку. Пластиковый корпус кажется очень хрупким. Один раз случайно задел об угол стола, и корпус треснул.

Обслуживание клиентов тоже отвратительное, на звонки никто не отвечает. Отправил им электронное письмо, и вот уже две недели нет ответа.

Словом, это самая худшая техника, которую я когда-либо покупал. Умоляю, не покупайте эту марку! Только выбрасывание денег!",243,283,4.330782890319824,9,10,0.87,"The translation accurately preserves the original meaning and strong negative sentiment about the vacuum cleaner. All key complaints (weak suction, short battery life, poor build quality, bad customer service) are correctly conveyed with appropriate emotional intensity.","Я очень сожалею, что купила этот пылесос. Он сломался уже через две недели. Сила тяги очень слабая, он не может поднять даже волосы с пола. Зарядка занимает всего 30 минут, но для полной зарядки требуется 5 часов! Цена недешова, но качество ужасное.

Кроме того, шум при работе огромен, даже моя кошка от него напугалась. Пластиковый корпус кажется очень хрупким. Однажды случайно ударила об угол стола, и на корпусе появилась трещина.

А ещё очень плохой ответ от службы поддержки. Когда звонишь, никто не отвечает. Я отправила им электронное письмо, но на ответ ждала два недели.

В целом, это худший бытовой прибор, который я когда-либо покупала. Никто не должен покупать этот бренд! Тратить деньги на него бесполезно!",249,327,1.9513068199157715,8,9,0.93,"The translation accurately preserves the negative sentiment and most key details of the original review, with minor errors (charging time mistranslated as 'занимает всего 30 минут' instead of 'работает только 30 минут'). The emotional tone of disappointment and warning to others is well maintained.","Я очень сожалею, что купил этот пылесос. Он сломался всего через две недели использования. Всасывающая сила очень слабая, даже не может поднять волосы с пола. Зарядка занимает всего 30 минут, но полная зарядка требует 5 часов! Цена не низкая, но качество очень плохое.

Кроме того, звук работы очень громкий, моя кошка даже испугалась. Пластиковый корпус кажется очень хрупким. Однажды я случайно ударил его об угол стола, и корпус раскололся.

Обслуживание клиентов тоже очень плохое, когда я звоню, никто не отвечает. Я отправил им электронное письмо, и они не отвечали два с половиной недели.

В общем, это самый худший электродвигатель, который я когда-либо покупал! Ни в коем случае не покупайте этот бренд! Это полная чепуха!",249,335,2.9052228927612305,8,9,0.89,"The translation accurately preserves most of the original content and negative sentiment, though there's a minor error regarding charging time (30 minutes vs. 'lasts only 30 minutes'). The emotional frustration and warning to other consumers are well conveyed."
"Write the review in Chinese language about imaginary vacuum cleaner. Make it around 100 words. The review should reflect 1 star rating (1 is the lowest, 5 is the highest). Deliberately make several grammar mistakes. Make the sentiment negative. Keep the language simple. Write review only, without title","我买这个吸尘器真是后悔死了。用了才两个礼拜就坏掉了。吸力特别小，连地上的头发都吸不起。充电只能用30分钟，但充电要5个小时！价格不便宜，但质量太差了。

而且运行的声音超大，把我家猫都吓到了。塑料外壳感觉很容易碎。有一次不小心碰到桌角，外壳就裂了一道缝。

客服态度也很差，打电话总是没人接。我给它们发电子邮件，等了2个星期还没回复。

总之，这是我买过最差的电器。大家千万不能买这个牌子！浪费钱！",Translate to Hebrew. Keep the sentiment. Output translated text only.,"קניתי שואב אבק זה והצטערתי מאוד. אחרי רק שבועיים הוא התקלקל. עוצמת השאיבה חלשה מאוד, לא מצליח אפילו להרים שערות מהרצפה. הסוללה מחזיקה רק 30 דקות, אבל טעינה לוקחת 5 שעות! המחיר לא זול, והאיכות גרועה מאוד.

ובנוסף, הרעש שלו חזק כל כך שאפילו החתול שלי מפוחד. המעטפת הפלסטית נראית שבירה בקלות. פעם אחת כשפגעתי בו בפינת השולחן, הוא נסדק.

שירות הלקוחות גם כן גרוע, תמיד לא עונים בטלפון. שלחתי להם דוא""ל והמתנתי שבועיים ללא מענה.

בקיצור, זהו המכשיר הגרוע ביותר שקניתי אי פעם. אל תקנו מותג זה בשום אופן! זה בזבוז כסף!",243,374,9.026745080947876,9,10,0.78,"The translation accurately preserves all key complaints about the vacuum cleaner including technical details, product issues, and customer service problems. The negative sentiment is perfectly maintained throughout, conveying the same level of frustration and disappointment as the original.","אני ממש מתחרט על שקניתי את המנקה הזה. הוא נכשל כבר אחרי שתי שבועות בלבד. הוא חלש במיוחד, אפילו לא יכול לשאוב את השערות מהרצפה. הטעינה אורכת 30 דקות בלבד, אבל היא נמשכת 5 שעות! המחיר לא זול, אבל האיכות גרועה מדי.

מה שכבר לא לומר על הרעש שהוא פולט, שהפחיד את החתול שלי. המארז הפלסטי מרגיש פגיע מאוד. פעם אחת התנגשתי בו בפינה של שולחן, והוא נקרע.

גם השירות הלקוחות היה גרוע מאוד, תמיד אין מי שעונה בטלפון. שלחתי להם דוא""ל, ואפילו לא קיבלתי תגובה לאחר שבועיים.

בסופו של דבר, זה המכשיר הגרוע ביותר שקניתי אי פעם. אנשים אל תקנו ממותג זה! זה בזבז כסף!",249,363,1.9272639751434326,9,10,0.81,"The translation accurately preserves the original meaning, technical details, and strong negative sentiment of the review. All key complaints about the vacuum cleaner's performance, build quality, and customer service are properly conveyed in Hebrew.","אני ממש מתחרט שקניתי את השואב האבק הזה. הוא התקלקל תוך שבועיים בלבד. כוח היניקה שלו קטן במיוחד, והוא אפילו לא מצליח לשאוב שיער מהקרקע. הטעינה לוקחת רק 30 דקות, אבל הטעינה לוקחת 5 שעות! המחיר לא זול, אבל האיכות רעה מאוד.

ובנוסף, הרעש שהוא משמיע בזמן הפעולה הוא עצום, והוא אפילו הפחיד את החתול שלי. המעטפת הפלסטית נראית שבירה מאוד. פעם אחת התנגשתי בשוגג בפינה של השולחן, והמעטפת נסדקה.

גם יחס הלקוחות רע מאוד, תמיד אין מי שעונה לטלפון. שלחתי להם מייל, וחיכיתי שבועיים בלי תגובה.

בקיצור, זהו המכשיר הגרוע ביותר שקניתי אי פעם. אל תקנו את המותג הזה! זה בזבוז כסף!",249,378,3.239737033843994,9,10,0.81,"The translation accurately preserves the negative sentiment and all key complaints about the vacuum cleaner. There is one minor error regarding charging time (states '30 minutes' instead of 'lasts 30 minutes'), but otherwise maintains excellent fidelity to the original content and emotional tone."
"Write the review in Chinese language about imaginary vacuum cleaner. Make it around 100 words. The review should reflect 1 star rating (1 is the lowest, 5 is the highest). Deliberately make several grammar mistakes. Make the sentiment negative. Keep the language simple. Write review only, without title","我买这个吸尘器真是后悔死了。用了才两个礼拜就坏掉了。吸力特别小，连地上的头发都吸不起。充电只能用30分钟，但充电要5个小时！价格不便宜，但质量太差了。

而且运行的声音超大，把我家猫都吓到了。塑料外壳感觉很容易碎。有一次不小心碰到桌角，外壳就裂了一道缝。

客服态度也很差，打电话总是没人接。我给它们发电子邮件，等了2个星期还没回复。

总之，这是我买过最差的电器。大家千万不能买这个牌子！浪费钱！",Translate to German. Keep the sentiment. Output translated text only.,"Ich bereue den Kauf dieses Staubsaugers zutiefst. Nach nur zwei Wochen ist er schon kaputt. Die Saugkraft ist extrem schwach, er kann nicht einmal Haare vom Boden aufnehmen. Die Akkulaufzeit beträgt nur 30 Minuten, aber das Aufladen dauert 5 Stunden! Der Preis ist nicht günstig, aber die Qualität ist miserabel.

Obendrein ist das Betriebsgeräusch so laut, dass es sogar meine Katze erschreckt. Das Kunststoffgehäuse wirkt sehr brüchig. Einmal habe ich ihn versehentlich gegen eine Tischkante gestoßen, und schon hatte er einen Riss.

Der Kundenservice ist ebenfalls unterirdisch, am Telefon meldet sich niemand. Ich habe ihnen eine E-Mail geschickt und warte nun schon zwei Wochen auf eine Antwort.

Kurz gesagt, dies ist das schlechteste Elektrogerät, das ich je gekauft habe. Jeder sollte die Finger von dieser Marke lassen! Geldverschwendung!",243,310,4.746674060821533,9,10,0.98,"The translation accurately preserves all key details about the defective vacuum cleaner and maintains the strong negative sentiment of the original review. The German text effectively conveys the customer's frustration, specific product issues, and warning to other consumers.","Ich bereue es wirklich, diesen Staubsauger gekauft zu haben. Nach nur zwei Wochen ist er kaputt gegangen. Die Saugleistung ist sehr schwach, er kann nicht einmal Haare vom Boden aufsaugen. Das Aufladen dauert nur 30 Minuten, aber das vollständige Aufladen braucht 5 Stunden! Der Preis ist nicht günstig, aber die Qualität ist wirklich schlecht.

Außerdem ist das Geräusch beim Betrieb sehr laut und hat sogar meine Katze erschreckt. Das Plastikgehäuse fühlt sich sehr zerbrechlich an. Einmal habe ich es versehentlich gegen eine Tischecke geschlagen und das Gehäuse hat einen Riss bekommen.

Der Kundenservice ist auch sehr schlecht, wenn ich anrufe, geht niemand ran. Ich habe ihnen eine E-Mail geschickt und nach zwei Wochen immer noch keine Antwort erhalten.

Zusammengefasst ist das der schlechteste Elektrogerät, den ich je gekauft habe. Bitte kauft nicht dieses Markenprodukt! Es ist eine Geldverschwendung!",249,206,1.2715940475463867,8,9,1.04,"The translation accurately preserves most of the original content and negative sentiment, though there's a minor error in gender agreement ('der schlechteste Elektrogerät' should be 'das schlechteste Elektrogerät'). The word count ratio is appropriate for Chinese to German translation.","Ich bereue es zutiefst, diesen Staubsauger gekauft zu haben. Er ist schon nach zwei Wochen kaputtgegangen. Die Saugleistung ist extrem gering, er kann nicht einmal Haare vom Boden aufsaugen. Die Akkulaufzeit beträgt nur 30 Minuten, aber das Aufladen dauert 5 Stunden! Der Preis ist nicht billig, aber die Qualität ist miserabel.

Außerdem ist der Geräuschpegel extrem hoch und hat sogar meine Katze erschreckt. Das Plastikgehäuse fühlt sich sehr zerbrechlich an. Einmal, als ich es versehentlich gegen eine Tischkante stieß, bildete sich sofort ein Riss.

Der Kundenservice ist auch sehr schlecht, wenn man anruft, geht niemand ran. Ich habe ihnen eine E-Mail geschickt, aber nach zwei Wochen kam keine Antwort.

Zusammengefasst ist dies das schlechteste Elektrogerät, das ich je gekauft habe! Niemand sollte dieses Markenprodukt kaufen! Geldverschwendung!",249,202,1.906454086303711,9,10,1.03,"The translation accurately preserves all key details about the vacuum cleaner's defects and poor customer service. The negative sentiment is perfectly maintained throughout, including the strong expressions of regret and warnings to other consumers."
